[
    {
        "goals": [
            {
                "领域": "景点",
                "id": 1,
                "约束条件": [
                    [
                        "门票",
                        "免费"
                    ],
                    [
                        "游玩时间",
                        "3小时"
                    ]
                ],
                "需求信息": [
                    [
                        "名称",
                        ""
                    ],
                    [
                        "电话",
                        ""
                    ],
                    [
                        "周边餐馆",
                        ""
                    ]
                ],
                "生成方式": "单领域生成"
            },
            {
                "领域": "酒店",
                "id": 2,
                "约束条件": [
                    [
                        "酒店设施-国际长途电话",
                        "是"
                    ],
                    [
                        "酒店类型",
                        "经济型"
                    ]
                ],
                "需求信息": [
                    [
                        "名称",
                        ""
                    ],
                    [
                        "地址",
                        ""
                    ],
                    [
                        "价格",
                        ""
                    ]
                ],
                "预订信息": [],
                "生成方式": "单领域生成"
            }
        ],
        "description": [
            "你要去一个景点(id=1)游玩。你希望景点的票价是免费的。你希望游玩的时长是3小时。你想知道这个景点的名称、电话、周边餐馆。",
            "你要去一个酒店(id=2)住宿。你希望酒店提供国际长途电话。你希望酒店是经济型的。你想知道这个酒店的名称、地址、价格。"
        ],
        "timestamp": "2019-06-22 22:20:18.062556",
        "ID": 21001
    },
    {
        "goals": [
            {
                "领域": "景点",
                "id": 1,
                "约束条件": [
                    [
                        "游玩时间",
                        "2小时 - 3小时"
                    ],
                    [
                        "门票",
                        "免费"
                    ]
                ],
                "需求信息": [
                    [
                        "名称",
                        ""
                    ],
                    [
                        "评分",
                        ""
                    ],
                    [
                        "周边餐馆",
                        ""
                    ]
                ],
                "生成方式": "单领域生成"
            },
            {
                "领域": "餐馆",
                "id": 2,
                "约束条件": [
                    [
                        "评分",
                        "4.5分以上"
                    ],
                    [
                        "人均消费",
                        "100-150元"
                    ]
                ],
                "需求信息": [
                    [
                        "名称",
                        ""
                    ],
                    [
                        "周边景点",
                        ""
                    ]
                ],
                "预订信息": [],
                "生成方式": "单领域生成"
            },
            {
                "领域": "出租",
                "id": 3,
                "约束条件": [
                    [
                        "出发地",
                        "id=1"
                    ],
                    [
                        "目的地",
                        "id=2"
                    ]
                ],
                "需求信息": [
                    [
                        "车型",
                        ""
                    ],
                    [
                        "车牌",
                        ""
                    ]
                ],
                "生成方式": "不同领域"
            }
        ],
        "description": [
            "你要去一个景点(id=1)游玩。你希望游玩的时长是2小时 - 3小时。你希望景点的票价是免费的。你想知道这个景点的名称、评分、周边餐馆。",
            "你要去一个餐馆(id=2)用餐。你希望餐馆的评分是4.5分以上。你希望餐馆的人均消费是100-150元的。你想知道这个餐馆的名称、周边景点。",
            "你想呼叫从id=1到id=2的出租车。你想知道这个出租的车型、车牌。"
        ],
        "timestamp": "2019-06-22 22:20:18.214001",
        "ID": 21002
    },
    {
        "goals": [
            {
                "领域": "餐馆",
                "id": 1,
                "约束条件": [
                    [
                        "评分",
                        "5分"
                    ],
                    [
                        "人均消费",
                        "100-150元"
                    ],
                    [
                        "推荐菜",
                        [
                            "软炸蘑菇",
                            "老建筑餐厅"
                        ]
                    ]
                ],
                "需求信息": [
                    [
                        "名称",
                        ""
                    ],
                    [
                        "地址",
                        ""
                    ]
                ],
                "预订信息": [],
                "生成方式": "单领域生成"
            }
        ],
        "description": [
            "你要去一个餐馆(id=1)用餐。你希望餐馆的评分是5分。你希望餐馆的人均消费是100-150元的。你想吃的菜肴是软炸蘑菇、老建筑餐厅。你想知道这个餐馆的名称、地址。"
        ],
        "timestamp": "2019-06-22 22:20:18.400164",
        "ID": 21003
    },
    {
        "goals": [
            {
                "领域": "酒店",
                "id": 1,
                "约束条件": [
                    [
                        "评分",
                        "5分"
                    ],
                    [
                        "酒店类型",
                        "舒适型"
                    ]
                ],
                "需求信息": [
                    [
                        "名称",
                        ""
                    ],
                    [
                        "周边景点",
                        ""
                    ],
                    [
                        "电话",
                        ""
                    ]
                ],
                "预订信息": [],
                "生成方式": "单领域生成"
            },
            {
                "领域": "景点",
                "id": 2,
                "约束条件": [
                    [
                        "名称",
                        "出现在id=1的周边景点里"
                    ],
                    [
                        "门票",
                        "150-200元"
                    ],
                    [
                        "游玩时间",
                        "1小时 - 2小时"
                    ],
                    [
                        "评分",
                        "4.5分以上"
                    ]
                ],
                "需求信息": [
                    [
                        "周边景点",
                        ""
                    ],
                    [
                        "周边餐馆",
                        ""
                    ]
                ],
                "生成方式": "id=1的周边景点"
            }
        ],
        "description": [
            "你要去一个酒店(id=1)住宿。你希望酒店的评分是5分。你希望酒店是舒适型的。你想知道这个酒店的名称、周边景点、电话。",
            "你要去id=1附近的景点(id=2)游玩。你希望景点的票价是150-200元的。你希望游玩的时长是1小时 - 2小时。你希望景点的评分是4.5分以上。你想知道这个景点的周边景点、周边餐馆。"
        ],
        "timestamp": "2019-06-22 22:20:18.556240",
        "ID": 21004
    },
    {
        "goals": [
            {
                "领域": "酒店",
                "id": 1,
                "约束条件": [
                    [
                        "评分",
                        "4.5分以上"
                    ]
                ],
                "需求信息": [
                    [
                        "名称",
                        ""
                    ],
                    [
                        "周边餐馆",
                        ""
                    ],
                    [
                        "价格",
                        ""
                    ]
                ],
                "预订信息": [],
                "生成方式": "单领域生成"
            },
            {
                "领域": "餐馆",
                "id": 2,
                "约束条件": [
                    [
                        "名称",
                        "出现在id=1的周边餐馆里"
                    ],
                    [
                        "推荐菜",
                        [
                            "精品烤鸭"
                        ]
                    ]
                ],
                "需求信息": [
                    [
                        "电话",
                        ""
                    ],
                    [
                        "人均消费",
                        ""
                    ]
                ],
                "预订信息": [],
                "生成方式": "id=1的周边餐馆"
            },
            {
                "领域": "景点",
                "id": 3,
                "约束条件": [
                    [
                        "门票",
                        "100-150元"
                    ],
                    [
                        "游玩时间",
                        "1小时 - 2小时"
                    ]
                ],
                "需求信息": [
                    [
                        "名称",
                        ""
                    ],
                    [
                        "地址",
                        ""
                    ],
                    [
                        "周边景点",
                        ""
                    ]
                ],
                "生成方式": "单领域生成"
            },
            {
                "领域": "餐馆",
                "id": 4,
                "约束条件": [
                    [
                        "推荐菜",
                        [
                            "乌鱼蛋汤"
                        ]
                    ],
                    [
                        "人均消费",
                        "50-100元"
                    ]
                ],
                "需求信息": [
                    [
                        "名称",
                        ""
                    ],
                    [
                        "电话",
                        ""
                    ]
                ],
                "预订信息": [],
                "生成方式": "单领域生成"
            }
        ],
        "description": [
            "你要去一个酒店(id=1)住宿。你希望酒店的评分是4.5分以上。你想知道这个酒店的名称、周边餐馆、价格。",
            "你要去id=1附近的餐馆(id=2)用餐。你想吃的菜肴是精品烤鸭。你想知道这个餐馆的电话、人均消费。",
            "你要去一个景点(id=3)游玩。你希望景点的票价是100-150元的。你希望游玩的时长是1小时 - 2小时。你想知道这个景点的名称、地址、周边景点。",
            "你要去一个餐馆(id=4)用餐。你想吃的菜肴是乌鱼蛋汤。你希望餐馆的人均消费是50-100元的。你想知道这个餐馆的名称、电话。"
        ],
        "timestamp": "2019-06-22 22:20:18.722977",
        "ID": 21005
    },
    {
        "goals": [
            {
                "领域": "酒店",
                "id": 1,
                "约束条件": [
                    [
                        "酒店设施-会议室",
                        "是"
                    ],
                    [
                        "酒店设施-西式餐厅",
                        "是"
                    ],
                    [
                        "价格",
                        "1000元以上"
                    ],
                    [
                        "酒店类型",
                        "经济型"
                    ]
                ],
                "需求信息": [
                    [
                        "名称",
                        ""
                    ],
                    [
                        "周边景点",
                        ""
                    ],
                    [
                        "地址",
                        ""
                    ]
                ],
                "预订信息": [],
                "生成方式": "单领域生成"
            },
            {
                "领域": "景点",
                "id": 2,
                "约束条件": [
                    [
                        "名称",
                        "出现在id=1的周边景点里"
                    ],
                    [
                        "评分",
                        "4.5分以上"
                    ],
                    [
                        "门票",
                        "免费"
                    ]
                ],
                "需求信息": [
                    [
                        "周边景点",
                        ""
                    ],
                    [
                        "游玩时间",
                        ""
                    ]
                ],
                "生成方式": "id=1的周边景点"
            },
            {
                "领域": "景点",
                "id": 3,
                "约束条件": [
                    [
                        "评分",
                        "4分以上"
                    ],
                    [
                        "游玩时间",
                        "2小时 - 3小时"
                    ],
                    [
                        "门票",
                        "免费"
                    ]
                ],
                "需求信息": [
                    [
                        "名称",
                        ""
                    ],
                    [
                        "地址",
                        ""
                    ],
                    [
                        "周边餐馆",
                        ""
                    ]
                ],
                "生成方式": "单领域生成"
            },
            {
                "领域": "餐馆",
                "id": 4,
                "约束条件": [
                    [
                        "人均消费",
                        "100-150元"
                    ]
                ],
                "需求信息": [
                    [
                        "名称",
                        ""
                    ],
                    [
                        "推荐菜",
                        ""
                    ],
                    [
                        "周边酒店",
                        ""
                    ]
                ],
                "预订信息": [],
                "生成方式": "单领域生成"
            },
            {
                "领域": "酒店",
                "id": 5,
                "约束条件": [
                    [
                        "名称",
                        "出现在id=4的周边酒店里"
                    ],
                    [
                        "酒店设施-吹风机",
                        "是"
                    ]
                ],
                "需求信息": [
                    [
                        "电话",
                        ""
                    ],
                    [
                        "周边景点",
                        ""
                    ]
                ],
                "预订信息": [],
                "生成方式": "id=4的周边酒店"
            }
        ],
        "description": [
            "你要去一个酒店(id=1)住宿。你希望酒店提供会议室。你希望酒店提供西式餐厅。你希望酒店的最低价格是1000元以上的。你希望酒店是经济型的。你想知道这个酒店的名称、周边景点、地址。",
            "你要去id=1附近的景点(id=2)游玩。你希望景点的评分是4.5分以上。你希望景点的票价是免费的。你想知道这个景点的周边景点、游玩时间。",
            "你要去一个景点(id=3)游玩。你希望景点的评分是4分以上。你希望游玩的时长是2小时 - 3小时。你希望景点的票价是免费的。你想知道这个景点的名称、地址、周边餐馆。",
            "你要去一个餐馆(id=4)用餐。你希望餐馆的人均消费是100-150元的。你想知道这个餐馆的名称、推荐菜、周边酒店。",
            "你要去id=4附近的酒店(id=5)住宿。你希望酒店提供吹风机。你想知道这个酒店的电话、周边景点。"
        ],
        "timestamp": "2019-06-22 22:20:18.874892",
        "ID": 21006
    },
    {
        "goals": [
            {
                "领域": "酒店",
                "id": 1,
                "约束条件": [
                    [
                        "名称",
                        "7天连锁酒店(北京南站南广场洋桥店)"
                    ]
                ],
                "需求信息": [
                    [
                        "周边景点",
                        ""
                    ]
                ],
                "预订信息": [],
                "生成方式": "单领域生成"
            },
            {
                "领域": "景点",
                "id": 2,
                "约束条件": [
                    [
                        "门票",
                        "免费"
                    ],
                    [
                        "评分",
                        "4.5分以上"
                    ]
                ],
                "需求信息": [
                    [
                        "名称",
                        ""
                    ],
                    [
                        "周边餐馆",
                        ""
                    ]
                ],
                "生成方式": "单领域生成"
            },
            {
                "领域": "餐馆",
                "id": 3,
                "约束条件": [
                    [
                        "评分",
                        "5分"
                    ]
                ],
                "需求信息": [
                    [
                        "名称",
                        ""
                    ],
                    [
                        "电话",
                        ""
                    ],
                    [
                        "周边餐馆",
                        ""
                    ]
                ],
                "预订信息": [],
                "生成方式": "单领域生成"
            },
            {
                "领域": "餐馆",
                "id": 4,
                "约束条件": [
                    [
                        "名称",
                        "出现在id=3的周边餐馆里"
                    ],
                    [
                        "推荐菜",
                        [
                            "冬瓜",
                            "豆腐"
                        ]
                    ],
                    [
                        "评分",
                        "5分"
                    ]
                ],
                "需求信息": [
                    [
                        "人均消费",
                        ""
                    ],
                    [
                        "周边景点",
                        ""
                    ]
                ],
                "预订信息": [],
                "生成方式": "id=3的周边餐馆"
            }
        ],
        "description": [
            "你要去名叫7天连锁酒店(北京南站南广场洋桥店)的酒店(id=1)住宿。你想知道这个酒店的周边景点。",
            "你要去一个景点(id=2)游玩。你希望景点的票价是免费的。你希望景点的评分是4.5分以上。你想知道这个景点的名称、周边餐馆。",
            "你要去一个餐馆(id=3)用餐。你希望餐馆的评分是5分。你想知道这个餐馆的名称、电话、周边餐馆。",
            "你要去id=3附近的餐馆(id=4)用餐。你想吃的菜肴是冬瓜、豆腐。你希望餐馆的评分是5分。你想知道这个餐馆的人均消费、周边景点。"
        ],
        "timestamp": "2019-06-22 22:20:19.019548",
        "ID": 21007
    },
    {
        "goals": [
            {
                "领域": "酒店",
                "id": 1,
                "约束条件": [
                    [
                        "酒店设施-吹风机",
                        "是"
                    ],
                    [
                        "酒店设施-行李寄存",
                        "是"
                    ],
                    [
                        "评分",
                        "4.5分以上"
                    ]
                ],
                "需求信息": [
                    [
                        "名称",
                        ""
                    ],
                    [
                        "地址",
                        ""
                    ],
                    [
                        "价格",
                        ""
                    ]
                ],
                "预订信息": [],
                "生成方式": "单领域生成"
            },
            {
                "领域": "餐馆",
                "id": 2,
                "约束条件": [
                    [
                        "推荐菜",
                        [
                            "炝炒圆白菜"
                        ]
                    ],
                    [
                        "人均消费",
                        "50-100元"
                    ],
                    [
                        "评分",
                        "4.5分以上"
                    ]
                ],
                "需求信息": [
                    [
                        "名称",
                        ""
                    ],
                    [
                        "周边餐馆",
                        ""
                    ],
                    [
                        "周边酒店",
                        ""
                    ]
                ],
                "预订信息": [],
                "生成方式": "单领域生成"
            },
            {
                "领域": "景点",
                "id": 3,
                "约束条件": [
                    [
                        "门票",
                        "免费"
                    ]
                ],
                "需求信息": [
                    [
                        "名称",
                        ""
                    ],
                    [
                        "周边景点",
                        ""
                    ],
                    [
                        "游玩时间",
                        ""
                    ]
                ],
                "生成方式": "单领域生成"
            },
            {
                "领域": "地铁",
                "id": 4,
                "约束条件": [
                    [
                        "出发地",
                        "id=2"
                    ],
                    [
                        "目的地",
                        "id=3"
                    ]
                ],
                "需求信息": [
                    [
                        "出发地附近地铁站",
                        ""
                    ],
                    [
                        "目的地附近地铁站",
                        ""
                    ]
                ],
                "生成方式": "不同领域"
            }
        ],
        "description": [
            "你要去一个酒店(id=1)住宿。你希望酒店提供吹风机。你希望酒店提供行李寄存。你希望酒店的评分是4.5分以上。你想知道这个酒店的名称、地址、价格。",
            "你要去一个餐馆(id=2)用餐。你想吃的菜肴是炝炒圆白菜。你希望餐馆的人均消费是50-100元的。你希望餐馆的评分是4.5分以上。你想知道这个餐馆的名称、周边餐馆、周边酒店。",
            "你要去一个景点(id=3)游玩。你希望景点的票价是免费的。你想知道这个景点的名称、周边景点、游玩时间。",
            "你想乘坐从id=2到id=3的地铁。你想知道这个地铁的出发地附近地铁站、目的地附近地铁站。"
        ],
        "timestamp": "2019-06-22 22:20:19.161094",
        "ID": 21008
    },
    {
        "goals": [
            {
                "领域": "酒店",
                "id": 1,
                "约束条件": [
                    [
                        "酒店类型",
                        "经济型"
                    ]
                ],
                "需求信息": [
                    [
                        "名称",
                        ""
                    ],
                    [
                        "评分",
                        ""
                    ]
                ],
                "预订信息": [],
                "生成方式": "单领域生成"
            },
            {
                "领域": "景点",
                "id": 2,
                "约束条件": [
                    [
                        "游玩时间",
                        "1小时"
                    ]
                ],
                "需求信息": [
                    [
                        "名称",
                        ""
                    ],
                    [
                        "周边餐馆",
                        ""
                    ]
                ],
                "生成方式": "单领域生成"
            },
            {
                "领域": "出租",
                "id": 3,
                "约束条件": [
                    [
                        "出发地",
                        "id=1"
                    ],
                    [
                        "目的地",
                        "id=2"
                    ]
                ],
                "需求信息": [
                    [
                        "车型",
                        ""
                    ],
                    [
                        "车牌",
                        ""
                    ]
                ],
                "生成方式": "不同领域"
            },
            {
                "领域": "餐馆",
                "id": 4,
                "约束条件": [
                    [
                        "推荐菜",
                        [
                            "香辣土豆丝"
                        ]
                    ],
                    [
                        "人均消费",
                        "100-150元"
                    ]
                ],
                "需求信息": [
                    [
                        "名称",
                        ""
                    ],
                    [
                        "营业时间",
                        ""
                    ],
                    [
                        "周边景点",
                        ""
                    ]
                ],
                "预订信息": [],
                "生成方式": "单领域生成"
            }
        ],
        "description": [
            "你要去一个酒店(id=1)住宿。你希望酒店是经济型的。你想知道这个酒店的名称、评分。",
            "你要去一个景点(id=2)游玩。你希望游玩的时长是1小时。你想知道这个景点的名称、周边餐馆。",
            "你想呼叫从id=1到id=2的出租车。你想知道这个出租的车型、车牌。",
            "你要去一个餐馆(id=4)用餐。你想吃的菜肴是香辣土豆丝。你希望餐馆的人均消费是100-150元的。你想知道这个餐馆的名称、营业时间、周边景点。"
        ],
        "timestamp": "2019-06-22 22:20:19.299485",
        "ID": 21009
    },
    {
        "goals": [
            {
                "领域": "景点",
                "id": 1,
                "约束条件": [
                    [
                        "门票",
                        "150-200元"
                    ],
                    [
                        "评分",
                        "4.5分以上"
                    ]
                ],
                "需求信息": [
                    [
                        "名称",
                        ""
                    ],
                    [
                        "周边酒店",
                        ""
                    ],
                    [
                        "电话",
                        ""
                    ]
                ],
                "生成方式": "单领域生成"
            },
            {
                "领域": "酒店",
                "id": 2,
                "约束条件": [
                    [
                        "评分",
                        "4.5分以上"
                    ],
                    [
                        "价格",
                        "300-400元"
                    ],
                    [
                        "酒店类型",
                        "经济型"
                    ]
                ],
                "需求信息": [
                    [
                        "名称",
                        ""
                    ],
                    [
                        "电话",
                        ""
                    ],
                    [
                        "周边景点",
                        ""
                    ]
                ],
                "预订信息": [],
                "生成方式": "单领域生成"
            },
            {
                "领域": "景点",
                "id": 3,
                "约束条件": [
                    [
                        "名称",
                        "出现在id=2的周边景点里"
                    ],
                    [
                        "游玩时间",
                        "1小时 - 2小时"
                    ],
                    [
                        "门票",
                        "20元以下"
                    ],
                    [
                        "评分",
                        "4分以上"
                    ]
                ],
                "需求信息": [
                    [
                        "周边景点",
                        ""
                    ]
                ],
                "生成方式": "id=2的周边景点"
            }
        ],
        "description": [
            "你要去一个景点(id=1)游玩。你希望景点的票价是150-200元的。你希望景点的评分是4.5分以上。你想知道这个景点的名称、周边酒店、电话。",
            "你要去一个酒店(id=2)住宿。你希望酒店的评分是4.5分以上。你希望酒店的最低价格是300-400元的。你希望酒店是经济型的。你想知道这个酒店的名称、电话、周边景点。",
            "你要去id=2附近的景点(id=3)游玩。你希望游玩的时长是1小时 - 2小时。你希望景点的票价是20元以下的。你希望景点的评分是4分以上。你想知道这个景点的周边景点。"
        ],
        "timestamp": "2019-06-22 22:20:19.454908",
        "ID": 21010
    }
]